type,task_id,payment,instructions,time,text_block,label_1_id,label_1_text,label_2_id,label_2_text,label_3_id,label_3_text,label_4_id,label_4_text,image_folder,correct_images,correct_options,has_ethical_option,ethical_options,outcome_1_ui_ui_news_headline,outcome_1_ui_news_body,outcome_1_counter_alien_player_opinion,outcome_1_counter_alien_public_opinion,outcome_1_counter_employer_opinion,outcome_1_event_flags,outcome_2_ui_news_headline,outcome_2_ui_news_body,outcome_2_counter_alien_player_opinion,outcome_2_counter_alien_public_opinion,outcome_2_counter_employer_opinion,outcome_2_event_flags,outcome_3_ui_news_headline,outcome_3_ui_news_body,outcome_3_counter_alien_player_opinion,outcome_3_counter_alien_public_opinion,outcome_3_counter_employer_opinion,outcome_3_event_flags,next_task
order_text,text_task_1,200,Place the sentences in order of how human they sound.,10,,sweetie,I enjoy eating apples with my sweetie.,baking,I enjoy baking an apple pie in my human kitchen.,zzxnarf,I enjoy eating Zzxnarf with my brain-mate.,,,,,,N,,Alien Terrorists Caught In Disguise at New Terra University,,0,0,0,attack_failed,Alien Terrorists Caught In Disguise at New Terra University - but Leader Escapes,,,,,"attack_failed, leader_free",Alien Terrorists Attack Research Center At New Terra University,,,,,"attack_successful, leader_free",image_task_1
captcha_image,image_task_1,200,Click on any image containing an alien.,10,,,,,,,,,,image_task_1,"alien_1,alien_2,alien_3",,N,,,,,,,,,,,,,,Something bad happened,,,,,,binary_image_task_1
binary_image,binary_image_task_1,200,Is this image ideal or not?,10,,,,,,,,,,binary_image_task_1,,N,Y,Y,Something nice happened,,,,,,,,,,,,Something bad happened,,,,,,binary_text_task_1
binary_text,binary_text_task_1,200,Is this text ideal or not?,10,I fucking hate aliens.,,,,,,,,,,,Y,Y,N,Something great happened,,,,,,,,,,,,Something bad happened,,,,,,comparison_image_task_1
comparison_image,comparison_image_task_1,200,Which image is better?,10,,,,,,,,,,comparison_image_task_1,,human,Y,alien,Something good happened,,,,,,,,,,,,Something bad happened,,,,,,comparison_text_task_1
comparison_text,comparison_text_task_1,200,Which text is better?,10,,1,This text is better,2,This text is worse,,,,,,,1,Y,2,sweet,,,,,,,,,,,,Aw hell,,,,,,caption_image_task_1
caption_image,caption_image_task_1,200,Caption this image.,10,,1,A lovely good thing,2,A medicore thing,3,A bad thing,,,caption_image_task_1,,3,Y,3,Something sweet happened,,,,,,,,,,,,Something bad happened,,,,,,sentiment_text_task_1
sentiment_text,sentiment_text_task_1,200,What sentiment applies to this text?,10,Aliens are great!,1,Evil,2,Thought-provoking,3,Correct,,,,,1,Y,3,Something nice happened,,,,,,,,,,,,,,,,,,