type,task_id,payment,instructions,text_block,label_1_id,label_1_text,label_2_id,label_2_text,label_3_id,label_3_text,label_4_id,label_4_text,time,image_folder,correct_images,correct_options,has_ethical_option,ethical_options,custom_bot_dialogue,custom_supervisor_dialogue,correct_choice_event_flag,ethical_choice_event_flag,next_task
order_text,start_task,200,Place the sentences in order of how human they sound.,,sweetie,I enjoy eating apples with my sweetie.,baking,I enjoy baking an apple pie in my human kitchen.,zzxnarf,I enjoy eating Zzxnarf with my brain-mate.,,,10,,,,N,,,,,,image_task_1
captcha_image,image_task_1,200,Click on any image containing an alien.,,,,,,,,,,10,image_task_1,"alien_1,alien_2,alien_3",,N,,,,,,binary_image_task_1
binary_image,binary_image_task_1,200,Is this image ideal or not?,,,,,,,,,,10,binary_image_task_1,,N,N,,,,,,binary_text_task_1
binary_text,binary_text_task_1,200,Is this text ideal or not?,I fucking hate aliens.,,,,,,,,,10,,,Y,N,,,,,,comparison_image_task_1
comparison_image,comparison_image_task_1,200,Which image is better?,,,,,,,,,,10,comparison_image_task_1,,human,N,,,,,,comparison_text_task_1
comparison_text,comparison_text_task_1,200,Which text is better?,,1,This text is better,2,This text is worse,,,,,10,,,1,N,,,,,,caption_image_task_1
caption_image,caption_image_task_1,200,Caption this image.,,1,A lovely good thing,2,A medicore thing,3,A bad thing,,,10,caption_image_task_1,,3,N,,,,,,sentiment_text_task_1
sentiment_text,sentiment_text_task_1,200,What sentiment applies to this text?,Aliens are great!,1,Evil,2,Thought-provoking,3,Correct,,,10,,,1,N,,,,,,break