{
    "check_messages_5b1416b4": {
        "area": [
            720,
            90,
            960,
            765
        ]
    },
    "interstitial_5b1416b4": {
        "area": [
            720,
            270,
            880,
            495
        ]
    },
    "intro_a99100f5": {
        "properties": "bottom_left"
    },
    "intro_f8dcf86b": {
        "area": [
            720,
            315,
            720,
            405
        ],
        "properties": "bottom_left"
    },
    "sentiment_text_task_1_c869a619": {
        "area": [
            800,
            90,
            640,
            675
        ]
    },
    "task_loop_5b1416b4": {
        "area": [
            720,
            90,
            880,
            675
        ]
    }
}